{
    "tires": {
        "front": 2.1,
        "rear": 2.1
    },
    "gearing": {
        "finalDrive": 2.32,
        "gears": [
            4.14,
            2.8152,
            2.0990571110460556,
            1.6722859943255644,
            1.4104087937211236,
            1.2517378044274972,
            0.65,
            0.55,
            0.5,
            0.45
        ],
        "maxRpm": 8000
    },
    "alignment": {
        "camberF": -1.7,
        "camberR": -1.2,
        "toeF": 0,
        "toeR": -0.1,
        "caster": 6
    },
    "arb": {
        "front": 27.24,
        "rear": 34.88400000000001
    },
    "springs": {
        "front": 165.29375000000002,
        "rear": 248.32204885220523,
        "heightF": 15,
        "heightR": 15
    },
    "damping": {
        "reboundF": 10,
        "reboundR": 10,
        "bumpF": 6,
        "bumpR": 6
    },
    "aero": {
        "front": 100,
        "rear": 150
    },
    "brake": {
        "balance": 50,
        "pressure": 100
    },
    "diff": {
        "accelF": 50,
        "decelF": 0,
        "accelR": 50,
        "decelR": 0,
        "center": 65
    }
}