{
    "tires": {
        "front": 1.8960548270108524,
        "rear": 1.8133178891049242
    },
    "gearing": {
        "finalDrive": 3.9,
        "gears": [
            2.32,
            1.7,
            1.39,
            1.17,
            1,
            0.86,
            0.75,
            0.5,
            0.5,
            0.45
        ],
        "maxRpm": 9000
    },
    "alignment": {
        "camberF": -2.5,
        "camberR": -1.5,
        "toeF": 1,
        "toeR": -1,
        "caster": 6
    },
    "arb": {
        "front": 27.4,
        "rear": 28.9
    },
    "springs": {
        "front": 174.7,
        "rear": 165,
        "heightF": 10.16002032004064,
        "heightR": 13.208026416052833
    },
    "damping": {
        "reboundF": 12.4,
        "reboundR": 11.1,
        "bumpF": 8,
        "bumpR": 6.9
    },
    "aero": {
        "front": 100,
        "rear": 150
    },
    "brake": {
        "balance": 55,
        "pressure": 100
    },
    "diff": {
        "accelF": 30,
        "decelF": 10,
        "accelR": 55,
        "decelR": 13,
        "center": 85
    }
}